Year,FIPS,Med_Home,Med_Inc,HIR
1989,6001,227399.0,36574,6.22
1990,6001,239325.0,37982,6.3
1991,6001,233568.0,39389,5.93
1992,6001,231894.0,40796,5.68
1993,6001,226448.0,42204,5.37
1994,6001,222376.0,44598,4.99
1995,6001,219784.0,46992,4.68
1996,6001,196700.0,48139,4.09
1997,6001,207900.0,49286,4.22
1998,6001,234700.0,50965,4.61
1999,6001,259000.0,54340,4.77
2000,6001,342000.0,59223,5.77
2001,6001,387600.0,58331,6.64
2002,6001,398600.0,59036,6.75
2003,6001,435700.0,56225,7.75
2004,6001,501800.0,57659,8.7
2005,6001,620600.0,60937,10.18
2006,6001,638000.0,64285,9.92
2007,6001,618000.0,68263,9.05
2008,6001,512300.0,70217,7.3
2009,6001,447500.0,68258,6.56
2010,6001,451500.0,66937,6.75
2011,6001,407500.0,67295,6.06
2012,6001,413100.0,70209,5.88
2013,6001,523500.0,72128,7.26
2014,6001,595700.0,76996,7.74
2015,6001,672900.0,81462,8.26
2016,6001,728200.0,89472,8.14
2017,6001,785800.0,95550,8.22
2018,6001,872200.0,101744,8.57
1989,6005,148568.0,29900,4.97
1990,6005,173926.0,31140,5.59
1991,6005,186797.0,32379,5.77
1992,6005,191530.0,33618,5.7
1993,6005,187022.0,34858,5.37
1994,6005,185030.0,36794,5.03
1995,6005,183745.0,38729,4.74
1996,6005,138300.0,39842,3.47
1997,6005,139800.0,40956,3.41
1998,6005,145000.0,42713,3.39
1999,6005,152500.0,42950,3.55
2000,6005,161700.0,46108,3.51
2001,6005,168900.0,44887,3.76
2002,6005,187600.0,46891,4.0
2003,6005,225500.0,44494,5.07
2004,6005,270900.0,47459,5.71
2005,6005,348100.0,52078,6.68
2006,6005,360000.0,50528,7.12
2007,6005,334200.0,54903,6.09
2008,6005,284500.0,53951,5.27
2009,6005,220600.0,54461,4.05
2010,6005,203100.0,49516,4.1
2011,6005,171800.0,51553,3.33
2012,6005,172800.0,51388,3.36
2013,6005,213200.0,52357,4.07
2014,6005,215200.0,54610,3.94
2015,6005,235800.0,55879,4.22
2016,6005,250800.0,59789,4.19
2017,6005,276600.0,60588,4.57
2018,6005,297300.0,58515,5.08
1989,6007,100957.0,24214,4.17
1990,6007,117827.0,24904,4.73
1991,6007,125033.0,25594,4.89
1992,6007,125986.0,26284,4.79
1993,6007,125517.0,26975,4.65
1994,6007,126080.0,29010,4.35
1995,6007,126279.0,31046,4.07
1996,6007,108700.0,31634,3.44
1997,6007,102600.0,32221,3.18
1998,6007,107300.0,33295,3.22
1999,6007,114400.0,32506,3.52
2000,6007,124700.0,34306,3.63
2001,6007,141700.0,33480,4.23
2002,6007,160500.0,34331,4.68
2003,6007,196800.0,33528,5.87
2004,6007,236800.0,34891,6.79
2005,6007,289600.0,36303,7.98
2006,6007,295800.0,40023,7.39
2007,6007,277400.0,39466,7.03
2008,6007,244200.0,40308,6.06
2009,6007,215400.0,41196,5.23
2010,6007,203900.0,41168,4.95
2011,6007,181000.0,39208,4.62
2012,6007,176000.0,40748,4.32
2013,6007,203200.0,42395,4.79
2014,6007,213500.0,42302,5.05
2015,6007,223100.0,45369,4.92
2016,6007,240900.0,45097,5.34
2017,6007,255900.0,48634,5.26
2018,6007,277600.0,50945,5.45
1989,6009,141994.0,29336,4.84
1990,6009,160075.0,30128,5.31
1991,6009,175129.0,30921,5.66
1992,6009,175815.0,31714,5.54
1993,6009,174702.0,32506,5.37
1994,6009,170562.0,34144,5.0
1995,6009,167961.0,35781,4.69
1996,6009,135700.0,36812,3.69
1997,6009,135400.0,37844,3.58
1998,6009,143300.0,40535,3.54
1999,6009,149700.0,41649,3.59
2000,6009,162800.0,44742,3.64
2001,6009,172300.0,43892,3.93
2002,6009,196800.0,45711,4.31
2003,6009,229200.0,43462,5.27
2004,6009,286900.0,46052,6.23
2005,6009,360800.0,47639,7.57
2006,6009,388700.0,52745,7.37
2007,6009,361000.0,51447,7.02
2008,6009,305600.0,52850,5.78
2009,6009,247800.0,51564,4.81
2010,6009,211500.0,50745,4.17
2011,6009,190100.0,50599,3.76
2012,6009,188500.0,50962,3.7
2013,6009,211200.0,52598,4.02
2014,6009,228400.0,53321,4.28
2015,6009,237100.0,52471,4.52
2016,6009,251700.0,57990,4.34
2017,6009,276000.0,58536,4.72
2018,6009,294500.0,62984,4.68
1989,6011,95263.0,25958,3.67
1990,6011,104097.0,26709,3.9
1991,6011,116140.0,27460,4.23
1992,6011,123250.0,28211,4.37
1993,6011,125015.0,28962,4.32
1994,6011,122691.0,30054,4.08
1995,6011,128865.0,31145,4.14
1996,6011,122500.0,32408,3.78
1997,6011,116300.0,33670,3.45
1998,6011,124400.0,34359,3.62
1999,6011,132400.0,35737,3.7
2000,6011,145000.0,38425,3.77
2001,6011,151600.0,37308,4.06
2002,6011,158300.0,37089,4.27
2003,6011,137000.0,36579,3.75
2004,6011,172300.0,38350,4.49
2005,6011,243500.0,39186,6.21
2006,6011,287900.0,40240,7.15
2007,6011,265900.0,43882,6.06
2008,6011,210800.0,44622,4.72
2009,6011,178900.0,47472,3.77
2010,6011,144200.0,44981,3.21
2011,6011,126800.0,47469,2.67
2012,6011,125700.0,49871,2.52
2013,6011,139900.0,48897,2.86
2014,6011,177400.0,48006,3.7
2015,6011,185200.0,51118,3.62
2016,6011,187700.0,54861,3.42
2017,6011,193300.0,53595,3.61
2018,6011,212300.0,57249,3.71
1989,6013,212167.0,43970,4.83
1990,6013,231529.0,45389,5.1
1991,6013,229989.0,46808,4.91
1992,6013,227398.0,48227,4.72
1993,6013,220954.0,49646,4.45
1994,6013,216394.0,52648,4.11
1995,6013,211668.0,55651,3.8
1996,6013,184900.0,56316,3.28
1997,6013,194900.0,56980,3.42
1998,6013,215800.0,60340,3.58
1999,6013,229000.0,64145,3.57
2000,6013,275000.0,68495,4.01
2001,6013,331200.0,68667,4.82
2002,6013,357600.0,69479,5.15
2003,6013,404100.0,64365,6.28
2004,6013,468800.0,65459,7.16
2005,6013,591900.0,69463,8.52
2006,6013,597700.0,74058,8.07
2007,6013,557000.0,76317,7.3
2008,6013,434900.0,78469,5.54
2009,6013,348800.0,75084,4.65
2010,6013,335500.0,73678,4.55
2011,6013,298300.0,74241,4.02
2012,6013,300900.0,74208,4.05
2013,6013,380500.0,78909,4.82
2014,6013,443300.0,80338,5.52
2015,6013,494100.0,83036,5.95
2016,6013,536100.0,90920,5.9
2017,6013,578100.0,95062,6.08
2018,6013,618300.0,101463,6.09
1989,6017,167825.0,35169,4.77
1990,6017,198335.0,36476,5.44
1991,6017,209580.0,37782,5.55
1992,6017,207191.0,39089,5.3
1993,6017,202069.0,40396,5.0
1994,6017,199966.0,43022,4.65
1995,6017,198643.0,45648,4.35
1996,6017,159000.0,46808,3.4
1997,6017,162200.0,47967,3.38
1998,6017,171700.0,50383,3.41
1999,6017,180000.0,52465,3.43
2000,6017,207000.0,56098,3.69
2001,6017,249400.0,55453,4.5
2002,6017,279400.0,56904,4.91
2003,6017,327100.0,54131,6.04
2004,6017,381300.0,56629,6.73
2005,6017,475400.0,62199,7.64
2006,6017,489100.0,67605,7.23
2007,6017,462400.0,64256,7.2
2008,6017,392600.0,67019,5.86
2009,6017,325600.0,68778,4.73
2010,6017,303300.0,65201,4.65
2011,6017,281600.0,61970,4.54
2012,6017,274600.0,68446,4.01
2013,6017,318200.0,63002,5.05
2014,6017,357600.0,70235,5.09
2015,6017,381000.0,75575,5.04
2016,6017,407600.0,75100,5.43
2017,6017,431900.0,78464,5.5
2018,6017,465400.0,81869,5.68
1989,6019,99390.0,27028,3.68
1990,6019,108501.0,27684,3.92
1991,6019,118770.0,28339,4.19
1992,6019,122796.0,28994,4.24
1993,6019,122720.0,29650,4.14
1994,6019,120395.0,31618,3.81
1995,6019,118941.0,33587,3.54
1996,6019,99200.0,33946,2.92
1997,6019,98500.0,34305,2.87
1998,6019,101200.0,34755,2.91
1999,6019,101900.0,34603,2.94
2000,6019,108300.0,37386,2.9
2001,6019,116800.0,36250,3.22
2002,6019,132300.0,36850,3.59
2003,6019,161600.0,36003,4.49
2004,6019,202800.0,36930,5.49
2005,6019,270000.0,41390,6.52
2006,6019,299600.0,42433,7.06
2007,6019,269700.0,46547,5.79
2008,6019,215000.0,43534,4.94
2009,6019,174200.0,45219,3.85
2010,6019,164000.0,44869,3.66
2011,6019,144800.0,42572,3.4
2012,6019,141900.0,41563,3.41
2013,6019,159700.0,43741,3.65
2014,6019,181300.0,43338,4.18
2015,6019,193700.0,46608,4.16
2016,6019,208200.0,48323,4.31
2017,6019,225900.0,51452,4.39
2018,6019,241600.0,52318,4.62
1989,6021,89428.0,24125,3.71
1990,6021,100665.0,24768,4.06
1991,6021,118051.0,25412,4.65
1992,6021,119406.0,26055,4.58
1993,6021,122999.0,26698,4.61
1994,6021,125776.0,28037,4.49
1995,6021,123906.0,29376,4.22
1996,6021,120900.0,30566,3.96
1997,6021,110300.0,31755,3.47
1998,6021,118400.0,32232,3.67
1999,6021,124700.0,32687,3.81
2000,6021,129900.0,34838,3.73
2001,6021,148100.0,33878,4.37
2002,6021,134600.0,34007,3.96
2003,6021,123400.0,32725,3.77
2004,6021,158900.0,34883,4.56
2005,6021,207200.0,35707,5.8
2006,6021,225400.0,38093,5.92
2007,6021,212900.0,38521,5.53
2008,6021,177200.0,39641,4.47
2009,6021,151700.0,41904,3.62
2010,6021,136400.0,40859,3.34
2011,6021,125600.0,40221,3.12
2012,6021,123700.0,41201,3.0
2013,6021,133800.0,42129,3.18
2014,6021,150300.0,43755,3.44
2015,6021,164800.0,43584,3.78
2016,6021,176400.0,46141,3.82
2017,6021,186400.0,49979,3.73
2018,6021,206100.0,47365,4.35
1989,6023,103053.0,25654,4.02
1990,6023,119853.0,26371,4.54
1991,6023,129650.0,27088,4.79
1992,6023,135221.0,27806,4.86
1993,6023,140218.0,28523,4.92
1994,6023,140236.0,30026,4.67
1995,6023,141659.0,31530,4.49
1996,6023,116200.0,32516,3.57
1997,6023,103300.0,33501,3.08
1998,6023,106900.0,34654,3.08
1999,6023,109000.0,32729,3.33
2000,6023,116000.0,34590,3.35
2001,6023,125300.0,33464,3.74
2002,6023,141700.0,33792,4.19
2003,6023,168300.0,32211,5.22
2004,6023,201600.0,33281,6.06
2005,6023,260000.0,33923,7.66
2006,6023,283500.0,38796,7.31
2007,6023,268000.0,37281,7.19
2008,6023,251700.0,39627,6.35
2009,6023,231300.0,35985,6.43
2010,6023,222300.0,38254,5.81
2011,6023,206400.0,39526,5.22
2012,6023,198100.0,39837,4.97
2013,6023,204300.0,40882,5.0
2014,6023,212100.0,40581,5.23
2015,6023,215400.0,40739,5.29
2016,6023,246000.0,43164,5.7
2017,6023,282100.0,46123,6.12
2018,6023,289300.0,49471,5.85
1989,6025,86023.0,20884,4.12
1990,6025,91354.0,21360,4.28
1991,6025,95704.0,21836,4.38
1992,6025,100499.0,22312,4.5
1993,6025,102926.0,22789,4.52
1994,6025,103517.0,24094,4.3
1995,6025,105955.0,25399,4.17
1996,6025,110300.0,26122,4.22
1997,6025,99800.0,26844,3.72
1998,6025,93200.0,27840,3.35
1999,6025,102700.0,31418,3.27
2000,6025,100800.0,34749,2.9
2001,6025,114200.0,33333,3.43
2002,6025,118500.0,33950,3.49
2003,6025,129900.0,32637,3.98
2004,6025,151700.0,33674,4.5
2005,6025,204700.0,35085,5.83
2006,6025,250400.0,36275,6.9
2007,6025,234600.0,33576,6.99
2008,6025,178200.0,36894,4.83
2009,6025,128700.0,37846,3.4
2010,6025,123300.0,39261,3.14
2011,6025,119900.0,36898,3.25
2012,6025,119400.0,38185,3.13
2013,6025,129400.0,40106,3.23
2014,6025,133500.0,38737,3.45
2015,6025,146000.0,39925,3.66
2016,6025,167100.0,43327,3.86
2017,6025,189000.0,43413,4.35
2018,6025,198700.0,46633,4.26
1989,6027,95708.0,27777,3.45
1990,6027,109645.0,28370,3.86
1991,6027,114462.0,28962,3.95
1992,6027,115832.0,29554,3.92
1993,6027,119569.0,30146,3.97
1994,6027,115454.0,31733,3.64
1995,6027,118447.0,33320,3.55
1996,6027,123800.0,34654,3.57
1997,6027,123800.0,35987,3.44
1998,6027,123200.0,38127,3.23
1999,6027,129700.0,36884,3.52
2000,6027,139800.0,39193,3.57
2001,6027,152200.0,38393,3.96
2002,6027,172500.0,39437,4.37
2003,6027,255200.0,37553,6.8
2004,6027,301200.0,38853,7.75
2005,6027,330600.0,39911,8.28
2006,6027,373200.0,41366,9.02
2007,6027,382100.0,46865,8.15
2008,6027,335000.0,47197,7.1
2009,6027,276500.0,44090,6.27
2010,6027,269200.0,44507,6.05
2011,6027,217700.0,44928,4.85
2012,6027,215100.0,45748,4.7
2013,6027,231500.0,45784,5.06
2014,6027,266100.0,49267,5.4
2015,6027,284400.0,51697,5.5
2016,6027,312000.0,53350,5.85
2017,6027,330900.0,53528,6.18
2018,6027,346600.0,53793,6.44
1989,6029,92737.0,28657,3.24
1990,6029,99772.0,29356,3.4
1991,6029,105354.0,30055,3.51
1992,6029,108623.0,30754,3.53
1993,6029,107640.0,31453,3.42
1994,6029,104637.0,33160,3.16
1995,6029,101025.0,34867,2.9
1996,6029,86800.0,35009,2.48
1997,6029,85500.0,35151,2.43
1998,6029,87400.0,36564,2.39
1999,6029,89500.0,35838,2.5
2000,6029,94100.0,39028,2.41
2001,6029,100700.0,37922,2.66
2002,6029,110800.0,38859,2.85
2003,6029,130600.0,37614,3.47
2004,6029,163700.0,38689,4.23
2005,6029,235100.0,40146,5.86
2006,6029,279300.0,42709,6.54
2007,6029,255700.0,46639,5.48
2008,6029,191000.0,44716,4.27
2009,6029,146200.0,46938,3.11
2010,6029,139500.0,45045,3.1
2011,6029,123000.0,44903,2.74
2012,6029,127500.0,45599,2.8
2013,6029,146700.0,46688,3.14
2014,6029,166500.0,47451,3.51
2015,6029,176600.0,51150,3.45
2016,6029,186900.0,49812,3.75
2017,6029,195300.0,49904,3.91
2018,6029,208800.0,51586,4.05
1989,6031,90455.0,26164,3.46
1990,6031,97121.0,26959,3.6
1991,6031,103948.0,27754,3.75
1992,6031,108740.0,28549,3.81
1993,6031,111151.0,29344,3.79
1994,6031,111507.0,30380,3.67
1995,6031,114254.0,31415,3.64
1996,6031,88700.0,32572,2.72
1997,6031,94100.0,33730,2.79
1998,6031,92200.0,34553,2.67
1999,6031,97400.0,35043,2.78
2000,6031,97100.0,37475,2.59
2001,6031,101100.0,36347,2.78
2002,6031,108000.0,37262,2.9
2003,6031,123500.0,36137,3.42
2004,6031,153100.0,38238,4.0
2005,6031,205300.0,40433,5.08
2006,6031,235400.0,42070,5.6
2007,6031,226800.0,45087,5.03
2008,6031,190400.0,48614,3.92
2009,6031,162900.0,44102,3.69
2010,6031,155600.0,44020,3.53
2011,6031,134600.0,48319,2.79
2012,6031,134900.0,45464,2.97
2013,6031,144700.0,45794,3.16
2014,6031,158000.0,44490,3.55
2015,6031,166100.0,46440,3.58
2016,6031,177000.0,51320,3.45
2017,6031,194600.0,55076,3.53
2018,6031,204900.0,58255,3.52
1989,6033,89908.0,22280,4.04
1989,6033,89908.0,22280,4.04
1990,6033,99947.0,23041,4.34
1990,6033,99947.0,23041,4.34
1991,6033,108336.0,23802,4.55
1991,6033,108336.0,23802,4.55
1992,6033,111120.0,24563,4.52
1992,6033,111120.0,24563,4.52
1993,6033,111675.0,25324,4.41
1993,6033,111675.0,25324,4.41
1994,6033,110031.0,26797,4.11
1994,6033,110031.0,26797,4.11
1995,6033,107690.0,28270,3.81
1995,6033,107690.0,28270,3.81
1996,6033,106551.0,29246,3.64
1997,6033,106199.0,30223,3.51
1998,6033,112321.0,31599,3.55
1999,6033,116233.0,30750,3.78
2000,6033,134644.0,32195,4.18
2001,6033,151213.0,31349,4.82
2002,6033,167515.0,31998,5.24
2003,6033,184736.0,31178,5.93
2004,6033,198300.0,32757,6.05
2005,6033,281200.0,34874,8.06
2006,6033,288500.0,36174,7.98
2007,6033,271900.0,38113,7.13
2008,6033,233700.0,38926,6.0
2009,6033,174700.0,36895,4.74
2010,6033,145500.0,35914,4.05
2011,6033,126400.0,35882,3.52
2012,6033,124700.0,35437,3.52
2013,6033,135600.0,36973,3.67
2014,6033,161100.0,36333,4.43
2015,6033,172900.0,37993,4.55
2016,6033,200100.0,40818,4.9
2017,6033,220000.0,45797,4.8
2018,6033,236000.0,45086,5.23
1989,6037,214045.0,32013,6.69
1990,6037,224741.0,32398,6.94
1991,6037,220824.0,32784,6.74
1992,6037,216418.0,33170,6.52
1993,6037,200809.0,33556,5.98
1994,6037,189174.0,34180,5.53
1995,6037,180812.0,34803,5.2
1996,6037,160600.0,36187,4.44
1997,6037,161700.0,37571,4.3
1998,6037,174700.0,38845,4.5
1999,6037,189400.0,40132,4.72
2000,6037,209200.0,43375,4.82
2001,6037,234300.0,42912,5.46
2002,6037,267300.0,42844,6.24
2003,6037,325400.0,41544,7.83
2004,6037,421600.0,43518,9.69
2005,6037,506700.0,48166,10.52
2006,6037,575100.0,51279,11.22
2007,6037,548000.0,53494,10.24
2008,6037,454000.0,55452,8.19
2009,6037,387300.0,54375,7.12
2010,6037,391800.0,52595,7.45
2011,6037,364900.0,52239,6.99
2012,6037,358300.0,52929,6.77
2013,6037,416200.0,54443,7.64
2014,6037,458500.0,55686,8.23
2015,6037,487800.0,59045,8.26
2016,6037,525300.0,61308,8.57
2017,6037,566400.0,64912,8.73
2018,6037,606800.0,67986,8.93
1989,6039,97753.0,25431,3.84
1990,6039,110921.0,26374,4.21
1991,6039,121488.0,27316,4.45
1992,6039,126446.0,28258,4.47
1993,6039,128028.0,29201,4.38
1994,6039,128024.0,31936,4.01
1995,6039,129288.0,34671,3.73
1996,6039,121200.0,34257,3.54
1997,6039,122000.0,33843,3.6
1998,6039,120400.0,34506,3.49
1999,6039,107100.0,35342,3.03
2000,6039,107600.0,37962,2.83
2001,6039,118200.0,36424,3.25
2002,6039,134900.0,36877,3.66
2003,6039,168100.0,36050,4.66
2004,6039,209400.0,37881,5.53
2005,6039,295600.0,44655,6.62
2006,6039,328500.0,39919,8.23
2007,6039,289400.0,44259,6.54
2008,6039,213300.0,46066,4.63
2009,6039,146500.0,42769,3.43
2010,6039,143500.0,43596,3.29
2011,6039,138700.0,44795,3.1
2012,6039,137000.0,42054,3.26
2013,6039,155100.0,41223,3.76
2014,6039,180600.0,43171,4.18
2015,6039,191100.0,46593,4.1
2016,6039,197700.0,49467,4.0
2017,6039,221100.0,50783,4.35
2018,6039,239100.0,53632,4.46
1989,6041,322270.0,49316,6.53
1990,6041,343506.0,50194,6.84
1991,6041,342658.0,51073,6.71
1992,6041,344796.0,51952,6.64
1993,6041,341689.0,52830,6.47
1994,6041,341197.0,54500,6.26
1995,6041,345224.0,56169,6.15
1996,6041,332200.0,60064,5.53
1997,6041,342700.0,63959,5.36
1998,6041,386300.0,65224,5.92
1999,6041,429500.0,72339,5.94
2000,6041,542000.0,77794,6.97
2001,6041,596800.0,78437,7.61
2002,6041,617900.0,75897,8.14
2003,6041,655500.0,66764,9.82
2004,6041,744200.0,67731,10.99
2005,6041,852600.0,78009,10.93
2006,6041,860400.0,81305,10.58
2007,6041,847700.0,83910,10.1
2008,6041,794000.0,89909,8.83
2009,6041,716000.0,86658,8.26
2010,6041,716200.0,82383,8.69
2011,6041,659400.0,78470,8.4
2012,6041,669400.0,88654,7.55
2013,6041,781600.0,94347,8.28
2014,6041,844400.0,94549,8.93
2015,6041,945000.0,99868,9.46
2016,6041,969900.0,103488,9.37
2017,6041,1043100.0,112735,9.25
2018,6041,1126900.0,122933,9.17
1989,6043,122375.0,24483,5.0
1990,6043,138053.0,25610,5.39
1991,6043,149262.0,26736,5.58
1992,6043,154063.0,27863,5.53
1993,6043,155288.0,28990,5.36
1994,6043,149416.0,30702,4.87
1995,6043,151362.0,32413,4.67
1996,6043,114900.0,33342,3.45
1997,6043,120800.0,34272,3.52
1998,6043,128500.0,35817,3.59
1999,6043,127300.0,35517,3.58
2000,6043,137100.0,37876,3.62
2001,6043,145900.0,36610,3.99
2002,6043,138800.0,37857,3.67
2003,6043,127000.0,35437,3.58
2004,6043,162800.0,37355,4.36
2005,6043,213400.0,39891,5.35
2006,6043,230900.0,40930,5.64
2007,6043,222900.0,42757,5.21
2008,6043,190500.0,44419,4.29
2009,6043,151800.0,42775,3.55
2010,6043,144400.0,42222,3.42
2011,6043,129500.0,42175,3.07
2012,6043,125200.0,43166,2.9
2013,6043,138300.0,45251,3.06
2014,6043,157500.0,47781,3.3
2015,6043,175500.0,44595,3.94
2016,6043,195700.0,51233,3.82
2017,6043,217400.0,52387,4.15
2018,6043,234700.0,51402,4.57
1989,6045,132187.0,26550,4.98
1990,6045,156711.0,27356,5.73
1991,6045,167661.0,28162,5.95
1992,6045,170663.0,28968,5.89
1993,6045,168459.0,29774,5.66
1994,6045,170517.0,31456,5.42
1995,6045,171010.0,33137,5.16
1996,6045,293500.0,34255,8.57
1997,6045,259700.0,35373,7.34
1998,6045,191100.0,36020,5.31
1999,6045,159300.0,36234,4.4
2000,6045,157400.0,39034,4.03
2001,6045,178000.0,37681,4.72
2002,6045,199700.0,38171,5.23
2003,6045,235200.0,35869,6.56
2004,6045,281600.0,36624,7.69
2005,6045,374300.0,40149,9.32
2006,6045,368500.0,39847,9.25
2007,6045,367600.0,42329,8.68
2008,6045,313300.0,43134,7.26
2009,6045,264300.0,41488,6.37
2010,6045,257300.0,40339,6.38
2011,6045,225600.0,41236,5.47
2012,6045,225500.0,41088,5.49
2013,6045,237500.0,42001,5.65
2014,6045,258200.0,42840,6.03
2015,6045,285000.0,43237,6.59
2016,6045,311600.0,45247,6.89
2017,6045,339600.0,50453,6.73
2018,6045,355700.0,51386,6.92
1989,6047,93102.0,27081,3.44
1990,6047,108202.0,27396,3.95
1991,6047,112802.0,27712,4.07
1992,6047,112112.0,28028,4.0
1993,6047,109214.0,28343,3.85
1994,6047,108025.0,29136,3.71
1995,6047,105252.0,29930,3.52
1996,6047,105900.0,31017,3.41
1997,6047,100000.0,32104,3.11
1998,6047,104200.0,32780,3.18
1999,6047,110300.0,34202,3.22
2000,6047,119900.0,37013,3.24
2001,6047,143000.0,36397,3.93
2002,6047,162900.0,37065,4.39
2003,6047,190100.0,36738,5.17
2004,6047,228300.0,38792,5.89
2005,6047,316800.0,40039,7.91
2006,6047,342500.0,40447,8.47
2007,6047,278100.0,43789,6.35
2008,6047,174400.0,42629,4.09
2009,6047,111100.0,39922,2.78
2010,6047,116600.0,41730,2.79
2011,6047,108400.0,40016,2.71
2012,6047,113700.0,42552,2.67
2013,6047,135100.0,41003,3.29
2014,6047,166500.0,43818,3.8
2015,6047,181100.0,42879,4.22
2016,6047,201700.0,47442,4.25
2017,6047,231200.0,48036,4.81
2018,6047,250500.0,56169,4.46
1989,6053,181148.0,31516,5.75
1990,6053,195690.0,32534,6.01
1991,6053,200002.0,33553,5.96
1992,6053,199603.0,34572,5.77
1993,6053,196184.0,35590,5.51
1994,6053,195918.0,36460,5.37
1995,6053,198099.0,37331,5.31
1996,6053,186900.0,39304,4.76
1997,6053,189700.0,41277,4.6
1998,6053,203300.0,43397,4.68
1999,6053,229500.0,46155,4.97
2000,6053,290400.0,50600,5.74
2001,6053,347700.0,49451,7.03
2002,6053,366600.0,49040,7.48
2003,6053,420900.0,45596,9.23
2004,6053,519700.0,46971,11.06
2005,6053,670900.0,55723,12.04
2006,6053,679100.0,54273,12.51
2007,6053,612100.0,56668,10.8
2008,6053,434800.0,58822,7.39
2009,6053,332400.0,57647,5.77
2010,6053,340700.0,53735,6.34
2011,6053,303900.0,52746,5.76
2012,6053,299600.0,56038,5.35
2013,6053,341500.0,55411,6.16
2014,6053,409200.0,57428,7.13
2015,6053,433400.0,60047,7.22
2016,6053,473400.0,62999,7.51
2017,6053,519000.0,70294,7.38
2018,6053,543200.0,69665,7.8
1989,6055,183313.0,36368,5.04
1990,6055,208409.0,37541,5.55
1991,6055,217955.0,38714,5.63
1992,6055,218646.0,39888,5.48
1993,6055,215228.0,41061,5.24
1994,6055,214514.0,42721,5.02
1995,6055,208450.0,44381,4.7
1996,6055,187400.0,46052,4.07
1997,6055,197300.0,47723,4.13
1998,6055,204000.0,49266,4.14
1999,6055,227200.0,52142,4.36
2000,6055,291700.0,56330,5.18
2001,6055,340600.0,55247,6.17
2002,6055,382700.0,55788,6.86
2003,6055,453800.0,51991,8.73
2004,6055,525300.0,53184,9.88
2005,6055,629500.0,62836,10.02
2006,6055,634900.0,63586,9.98
2007,6055,611300.0,61988,9.86
2008,6055,519200.0,64829,8.01
2009,6055,444100.0,66970,6.63
2010,6055,392200.0,62893,6.24
2011,6055,361500.0,61179,5.91
2012,6055,381800.0,65698,5.81
2013,6055,434700.0,68619,6.33
2014,6055,483400.0,71063,6.8
2015,6055,542100.0,72683,7.46
2016,6055,586800.0,73112,8.03
2017,6055,630600.0,83881,7.52
2018,6055,654300.0,85624,7.64
1989,6057,161993.0,31282,5.18
1990,6057,185786.0,32354,5.74
1991,6057,199064.0,33426,5.96
1992,6057,198560.0,34498,5.76
1993,6057,195207.0,35569,5.49
1994,6057,192785.0,37835,5.1
1995,6057,191285.0,40101,4.77
1996,6057,160400.0,41738,3.84
1997,6057,154100.0,43376,3.55
1998,6057,165900.0,45386,3.66
1999,6057,183900.0,46847,3.93
2000,6057,222700.0,50397,4.42
2001,6057,261200.0,49474,5.28
2002,6057,290100.0,50870,5.7
2003,6057,329700.0,47680,6.91
2004,6057,369700.0,49811,7.42
2005,6057,472400.0,51582,9.16
2006,6057,497100.0,52141,9.53
2007,6057,468700.0,58658,7.99
2008,6057,393500.0,56030,7.02
2009,6057,345600.0,57250,6.04
2010,6057,320300.0,54154,5.91
2011,6057,276800.0,53833,5.14
2012,6057,260100.0,54230,4.8
2013,6057,298500.0,55246,5.4
2014,6057,347700.0,57118,6.09
2015,6057,358800.0,57627,6.23
2016,6057,374000.0,60501,6.18
2017,6057,405200.0,64901,6.24
2018,6057,447400.0,66681,6.71
1989,6059,247423.0,41214,6.0
1990,6059,254197.0,42630,5.96
1991,6059,248522.0,44045,5.64
1992,6059,245056.0,45460,5.39
1993,6059,230440.0,46876,4.92
1994,6059,220817.0,48794,4.53
1995,6059,213266.0,50711,4.21
1996,6059,197200.0,51269,3.85
1997,6059,199800.0,51827,3.86
1998,6059,227500.0,53300,4.27
1999,6059,250700.0,54994,4.56
2000,6059,278200.0,58936,4.72
2001,6059,312000.0,59194,5.27
2002,6059,357300.0,59183,6.04
2003,6059,425500.0,55909,7.61
2004,6059,556700.0,58605,9.5
2005,6059,633200.0,65823,9.62
2006,6059,690000.0,70109,9.84
2007,6059,642600.0,73107,8.79
2008,6059,533100.0,74862,7.12
2009,6059,489500.0,71735,6.82
2010,6059,497800.0,70727,7.04
2011,6059,463900.0,72046,6.44
2012,6059,455000.0,71866,6.33
2013,6059,545900.0,73827,7.39
2014,6059,583500.0,76061,7.67
2015,6059,610900.0,78002,7.83
2016,6059,644100.0,81642,7.89
2017,6059,681500.0,86031,7.92
2018,6059,715900.0,89373,8.01
1989,6061,175343.0,37389,4.69
1990,6061,208226.0,38752,5.37
1991,6061,216481.0,40114,5.4
1992,6061,211761.0,41476,5.11
1993,6061,202640.0,42839,4.73
1994,6061,197039.0,46242,4.26
1995,6061,193382.0,49646,3.9
1996,6061,173900.0,51132,3.4
1997,6061,173800.0,52618,3.3
1998,6061,185500.0,55549,3.34
1999,6061,202700.0,59330,3.42
2000,6061,244300.0,63706,3.83
2001,6061,283200.0,62691,4.52
2002,6061,307300.0,64814,4.74
2003,6061,347600.0,61522,5.65
2004,6061,407500.0,64642,6.3
2005,6061,495100.0,62777,7.89
2006,6061,501600.0,69982,7.17
2007,6061,449100.0,69667,6.45
2008,6061,372700.0,75029,4.97
2009,6061,328500.0,70751,4.64
2010,6061,308600.0,68330,4.52
2011,6061,281400.0,69581,4.04
2012,6061,288500.0,69521,4.15
2013,6061,344500.0,73643,4.68
2014,6061,380200.0,75689,5.02
2015,6061,401300.0,76203,5.27
2016,6061,423900.0,85326,4.97
2017,6061,455600.0,81366,5.6
2018,6061,479500.0,89175,5.38
1989,6063,108406.0,27825,3.9
1990,6063,114680.0,28511,4.02
1991,6063,133081.0,29197,4.56
1992,6063,134038.0,29883,4.49
1993,6063,143487.0,30569,4.69
1994,6063,146534.0,32202,4.55
1995,6063,144815.0,33836,4.28
1996,6063,149100.0,36053,4.14
1997,6063,136400.0,38270,3.56
1998,6063,124400.0,39125,3.18
1999,6063,128800.0,39182,3.29
2000,6063,148800.0,41226,3.61
2001,6063,149700.0,40122,3.73
2002,6063,164400.0,41343,3.98
2003,6063,199200.0,39514,5.04
2004,6063,248000.0,41309,6.0
2005,6063,311000.0,40982,7.59
2006,6063,349000.0,46527,7.5
2007,6063,342700.0,45516,7.53
2008,6063,289900.0,48770,5.94
2009,6063,257600.0,42684,6.04
2010,6063,215100.0,41421,5.19
2011,6063,181900.0,44923,4.05
2012,6063,179900.0,46450,3.87
2013,6063,196000.0,47645,4.11
2014,6063,203500.0,47964,4.24
2015,6063,218000.0,46813,4.66
2016,6063,208500.0,53646,3.89
2017,6063,239100.0,51756,4.62
2018,6063,263400.0,55079,4.78
1989,6065,146400.0,32108,4.56
1990,6065,160159.0,33123,4.84
1991,6065,161244.0,34138,4.72
1992,6065,157934.0,35153,4.49
1993,6065,148847.0,36168,4.12
1994,6065,139357.0,37378,3.73
1995,6065,131117.0,38588,3.4
1996,6065,127600.0,38766,3.29
1997,6065,129400.0,38945,3.32
1998,6065,138300.0,42026,3.29
1999,6065,150300.0,42632,3.53
2000,6065,165700.0,46443,3.57
2001,6065,183700.0,45293,4.06
2002,6065,205800.0,45602,4.51
2003,6065,244600.0,44598,5.48
2004,6065,315600.0,46885,6.73
2005,6065,394900.0,52029,7.59
2006,6065,426500.0,53269,8.01
2007,6065,391700.0,57736,6.78
2008,6065,293700.0,57590,5.1
2009,6065,217000.0,55151,3.93
2010,6065,215800.0,53981,4.0
2011,6065,205400.0,52491,3.91
2012,6065,205400.0,52416,3.92
2013,6065,245700.0,53909,4.56
2014,6065,284500.0,56877,5.0
2015,6065,302000.0,57895,5.22
2016,6065,323700.0,59951,5.4
2017,6065,345000.0,63776,5.41
2018,6065,371600.0,66793,5.56
1989,6067,133942.0,31894,4.2
1990,6067,159569.0,33249,4.8
1991,6067,168054.0,34604,4.86
1992,6067,163459.0,35959,4.55
1993,6067,155052.0,37314,4.16
1994,6067,149124.0,38190,3.9
1995,6067,142878.0,39066,3.66
1996,6067,123000.0,40518,3.04
1997,6067,122300.0,41971,2.91
1998,6067,128100.0,44177,2.9
1999,6067,136900.0,44264,3.09
2000,6067,154500.0,47745,3.24
2001,6067,182600.0,47308,3.86
2002,6067,209000.0,48057,4.35
2003,6067,250100.0,46351,5.4
2004,6067,305300.0,47215,6.47
2005,6067,377000.0,51713,7.29
2006,6067,375600.0,53689,7.0
2007,6067,329700.0,56823,5.8
2008,6067,252500.0,56882,4.44
2009,6067,217200.0,52502,4.14
2010,6067,207900.0,52655,3.95
2011,6067,180700.0,52236,3.46
2012,6067,177200.0,52617,3.37
2013,6067,230200.0,52980,4.35
2014,6067,258800.0,55803,4.64
2015,6067,278800.0,58735,4.75
2016,6067,305800.0,59728,5.12
2017,6067,339000.0,62959,5.38
2018,6067,358300.0,69475,5.16
1989,6069,211818.0,32809,6.46
1990,6069,230836.0,34103,6.77
1991,6069,221417.0,35397,6.26
1992,6069,216765.0,36691,5.91
1993,6069,208377.0,37985,5.49
1994,6069,203236.0,40400,5.03
1995,6069,201134.0,42814,4.7
1996,6069,207000.0,44246,4.68
1997,6069,225500.0,45678,4.94
1998,6069,300400.0,49128,6.11
1999,6069,254600.0,55324,4.6
2000,6069,333600.0,60716,5.49
2001,6069,368600.0,60160,6.13
2002,6069,368900.0,60284,6.12
2003,6069,388200.0,56371,6.89
2004,6069,452000.0,57595,7.85
2005,6069,597300.0,62215,9.6
2006,6069,605600.0,66941,9.05
2007,6069,556200.0,66273,8.39
2008,6069,355300.0,64646,5.5
2009,6069,300100.0,61281,4.9
2010,6069,318900.0,58194,5.48
2011,6069,303500.0,62618,4.85
2012,6069,312700.0,60577,5.16
2013,6069,374800.0,66780,5.61
2014,6069,406300.0,68166,5.96
2015,6069,442400.0,76521,5.78
2016,6069,507200.0,73298,6.92
2017,6069,512400.0,77200,6.64
2018,6069,515700.0,80063,6.44
1989,6071,130809.0,32366,4.04
1990,6071,142481.0,33337,4.27
1991,6071,142981.0,34308,4.17
1992,6071,140774.0,35280,3.99
1993,6071,133680.0,36251,3.69
1994,6071,127017.0,37152,3.42
1995,6071,119698.0,38052,3.15
1996,6071,111900.0,38704,2.89
1997,6071,109400.0,39357,2.78
1998,6071,114100.0,40726,2.8
1999,6071,120500.0,40733,2.96
2000,6071,130300.0,43568,2.99
2001,6071,142700.0,43130,3.31
2002,6071,160300.0,44102,3.63
2003,6071,191700.0,43294,4.43
2004,6071,254800.0,43179,5.9
2005,6071,333500.0,48761,6.84
2006,6071,389000.0,52686,7.38
2007,6071,363100.0,55995,6.48
2008,6071,270100.0,54768,4.93
2009,6071,193000.0,52137,3.7
2010,6071,185100.0,52270,3.54
2011,6071,175200.0,51017,3.43
2012,6071,173800.0,50603,3.43
2013,6071,205700.0,52112,3.95
2014,6071,246100.0,51951,4.74
2015,6071,264100.0,53526,4.93
2016,6071,286100.0,56194,5.09
2017,6071,314600.0,60270,5.22
2018,6071,339400.0,63310,5.36
1989,6073,189474.0,33223,5.7
1990,6073,200778.0,34242,5.86
1991,6073,199830.0,35260,5.67
1992,6073,197130.0,36278,5.43
1993,6073,189019.0,37297,5.07
1994,6073,184456.0,38251,4.82
1995,6073,181722.0,39205,4.64
1996,6073,162900.0,40401,4.03
1997,6073,165500.0,41597,3.98
1998,6073,183900.0,44116,4.17
1999,6073,203200.0,46353,4.38
2000,6073,238800.0,51152,4.67
2001,6073,272000.0,50596,5.38
2002,6073,315800.0,50523,6.25
2003,6073,377300.0,48766,7.74
2004,6073,478800.0,51939,9.22
2005,6073,540000.0,56224,9.6
2006,6073,536700.0,59279,9.05
2007,6073,500300.0,61724,8.11
2008,6073,419300.0,62820,6.67
2009,6073,366900.0,60103,6.1
2010,6073,378500.0,59759,6.33
2011,6073,354200.0,59290,5.97
2012,6073,351400.0,60235,5.83
2013,6073,411100.0,61365,6.7
2014,6073,448500.0,66034,6.79
2015,6073,473500.0,67053,7.06
2016,6073,507400.0,70693,7.18
2017,6073,549600.0,76048,7.23
2018,6073,583200.0,78777,7.4
1989,6075,288146.0,32097,8.98
1990,6075,291924.0,33229,8.79
1991,6075,279346.0,34361,8.13
1992,6075,273676.0,35493,7.71
1993,6075,262711.0,36625,7.17
1994,6075,258047.0,38518,6.7
1995,6075,256509.0,40411,6.35
1996,6075,261200.0,43240,6.04
1997,6075,282900.0,46068,6.14
1998,6075,332600.0,49940,6.66
1999,6075,375600.0,54479,6.89
2000,6075,502600.0,59719,8.42
2001,6075,525500.0,58339,9.01
2002,6075,541700.0,56572,9.58
2003,6075,570600.0,51402,11.1
2004,6075,684100.0,51815,13.2
2005,6075,783100.0,57476,13.62
2006,6075,776900.0,64648,12.02
2007,6075,808800.0,67333,12.01
2008,6075,771800.0,73127,10.55
2009,6075,700800.0,70247,9.98
2010,6075,713700.0,70883,10.07
2011,6075,663100.0,69354,9.56
2012,6075,701200.0,72093,9.73
2013,6075,834100.0,76933,10.84
2014,6075,936200.0,83788,11.17
2015,6075,1072700.0,90527,11.85
2016,6075,1141600.0,101873,11.21
2017,6075,1246200.0,109601,11.37
2018,6075,1339500.0,110601,12.11
1989,6077,141048.0,30041,4.7
1990,6077,155483.0,30825,5.04
1991,6077,157472.0,31609,4.98
1992,6077,155885.0,32393,4.81
1993,6077,151745.0,33177,4.57
1994,6077,148089.0,34629,4.28
1995,6077,143717.0,36081,3.98
1996,6077,132500.0,37262,3.56
1997,6077,132000.0,38442,3.43
1998,6077,137700.0,39745,3.46
1999,6077,146700.0,40571,3.62
2000,6077,164600.0,43538,3.78
2001,6077,205300.0,42693,4.81
2002,6077,225100.0,43798,5.14
2003,6077,253800.0,42789,5.93
2004,6077,298200.0,44814,6.65
2005,6077,397200.0,48828,8.13
2006,6077,418800.0,51691,8.1
2007,6077,365200.0,51874,7.04
2008,6077,238000.0,54350,4.38
2009,6077,179900.0,52201,3.45
2010,6077,172800.0,49742,3.47
2011,6077,159900.0,50376,3.17
2012,6077,160400.0,50431,3.18
2013,6077,194900.0,51219,3.81
2014,6077,240100.0,51527,4.66
2015,6077,265300.0,53341,4.97
2016,6077,296100.0,59038,5.02
2017,6077,328600.0,60950,5.39
2018,6077,351200.0,63567,5.52
1989,6079,199216.0,30007,6.64
1990,6079,226696.0,31216,7.26
1991,6079,218204.0,32426,6.73
1992,6079,209552.0,33636,6.23
1993,6079,198791.0,34846,5.7
1994,6079,194151.0,36644,5.3
1995,6079,190278.0,38443,4.95
1996,6079,167400.0,39948,4.19
1997,6079,170100.0,41454,4.1
1998,6079,186500.0,42872,4.35
1999,6079,204500.0,43001,4.76
2000,6079,243000.0,45626,5.33
2001,6079,298300.0,44892,6.64
2002,6079,344000.0,46443,7.41
2003,6079,405900.0,44310,9.16
2004,6079,473000.0,46225,10.23
2005,6079,571100.0,49313,11.58
2006,6079,588300.0,50202,11.72
2007,6079,551100.0,55942,9.85
2008,6079,484800.0,60088,8.07
2009,6079,417200.0,55638,7.5
2010,6079,396300.0,53620,7.39
2011,6079,365100.0,53877,6.78
2012,6079,366400.0,58427,6.27
2013,6079,415400.0,57743,7.19
2014,6079,458300.0,61775,7.42
2015,6079,491900.0,61761,7.96
2016,6079,529600.0,69517,7.62
2017,6079,557600.0,70634,7.89
2018,6079,598000.0,70626,8.47
1989,6081,310760.0,45443,6.84
1990,6081,320273.0,46604,6.87
1991,6081,304593.0,47765,6.38
1992,6081,299026.0,48926,6.11
1993,6081,288828.0,50087,5.77
1994,6081,288051.0,51840,5.56
1995,6081,289465.0,53593,5.4
1996,6081,278900.0,56817,4.91
1997,6081,301600.0,60041,5.02
1998,6081,350800.0,62575,5.61
1999,6081,391100.0,68850,5.68
2000,6081,503500.0,75641,6.66
2001,6081,536900.0,74698,7.19
2002,6081,548800.0,72100,7.61
2003,6081,578400.0,65110,8.88
2004,6081,671800.0,65425,10.27
2005,6081,788700.0,74286,10.62
2006,6081,805600.0,77717,10.37
2007,6081,811600.0,82913,9.79
2008,6081,735900.0,84879,8.67
2009,6081,655300.0,84678,7.74
2010,6081,661100.0,82413,8.02
2011,6081,613300.0,81378,7.54
2012,6081,635200.0,81568,7.79
2013,6081,761200.0,91061,8.36
2014,6081,842200.0,100806,8.35
2015,6081,991000.0,101133,9.8
2016,6081,1056400.0,107075,9.87
2017,6081,1175800.0,115908,10.14
2018,6081,1350700.0,122930,10.99
1989,6083,221757.0,34589,6.41
1990,6083,232224.0,35523,6.54
1991,6083,229273.0,36457,6.29
1992,6083,222380.0,37391,5.95
1993,6083,210506.0,38325,5.49
1994,6083,208025.0,39014,5.33
1995,6083,206976.0,39702,5.21
1996,6083,191600.0,41420,4.63
1997,6083,205200.0,43138,4.76
1998,6083,224600.0,45695,4.92
1999,6083,252500.0,46035,5.48
2000,6083,294200.0,50365,5.84
2001,6083,346400.0,49434,7.01
2002,6083,400200.0,49606,8.07
2003,6083,466600.0,45818,10.18
2004,6083,565100.0,46706,12.1
2005,6083,682000.0,54721,12.46
2006,6083,662300.0,53382,12.41
2007,6083,603700.0,57741,10.46
2008,6083,493900.0,60645,8.14
2009,6083,445500.0,58555,7.61
2010,6083,457000.0,56243,8.13
2011,6083,397900.0,59494,6.69
2012,6083,378500.0,60683,6.24
2013,6083,440900.0,60803,7.25
2014,6083,498400.0,62116,8.02
2015,6083,523600.0,63049,8.3
2016,6083,554800.0,66360,8.36
2017,6083,566700.0,70651,8.02
2018,6083,584700.0,75646,7.73
1989,6085,270712.0,46125,5.87
1990,6085,275600.0,47507,5.8
1991,6085,263976.0,48889,5.4
1992,6085,259902.0,50271,5.17
1993,6085,251621.0,51653,4.87
1994,6085,248288.0,53694,4.62
1995,6085,251522.0,55734,4.51
1996,6085,252600.0,58930,4.29
1997,6085,281400.0,62126,4.53
1998,6085,329200.0,65850,5.0
1999,6085,360000.0,72660,4.95
2000,6085,481900.0,79606,6.05
2001,6085,512700.0,77295,6.63
2002,6085,506100.0,74551,6.79
2003,6085,519400.0,68223,7.61
2004,6085,589000.0,68842,8.56
2005,6085,708500.0,76686,9.24
2006,6085,738200.0,80775,9.14
2007,6085,744800.0,84265,8.84
2008,6085,672700.0,88525,7.6
2009,6085,583200.0,84990,6.86
2010,6085,599900.0,84627,7.09
2011,6085,566200.0,84741,6.68
2012,6085,592000.0,91195,6.49
2013,6085,716000.0,91843,7.8
2014,6085,780400.0,97219,8.03
2015,6085,897600.0,102191,8.78
2016,6085,954500.0,110843,8.61
2017,6085,1042000.0,118468,8.8
2018,6085,1296200.0,125933,10.29
1989,6087,244777.0,33007,7.42
1990,6087,263933.0,34348,7.68
1991,6087,264668.0,35690,7.42
1992,6087,261216.0,37031,7.05
1993,6087,253200.0,38372,6.6
1994,6087,249555.0,41045,6.08
1995,6087,251611.0,43718,5.76
1996,6087,224600.0,45763,4.91
1997,6087,233100.0,47808,4.88
1998,6087,270100.0,48375,5.58
1999,6087,307500.0,52441,5.86
2000,6087,401800.0,58042,6.92
2001,6087,458400.0,56762,8.08
2002,6087,476200.0,55499,8.58
2003,6087,520800.0,50977,10.22
2004,6087,598700.0,52031,11.51
2005,6087,722600.0,57506,12.57
2006,6087,737500.0,60863,12.12
2007,6087,696300.0,62849,11.08
2008,6087,613200.0,66495,9.22
2009,6087,547400.0,60816,9.0
2010,6087,539100.0,60247,8.95
2011,6087,492200.0,61228,8.04
2012,6087,487900.0,65799,7.42
2013,6087,558200.0,65282,8.55
2014,6087,612000.0,64257,9.52
2015,6087,674300.0,64841,10.4
2016,6087,731000.0,75929,9.63
2017,6087,776600.0,76633,10.13
2018,6087,826600.0,84213,9.82
1989,6089,102977.0,26590,3.87
1990,6089,119590.0,27482,4.35
1991,6089,130583.0,28374,4.6
1992,6089,132664.0,29266,4.53
1993,6089,133077.0,30158,4.41
1994,6089,132051.0,31992,4.13
1995,6089,131275.0,33827,3.88
1996,6089,101300.0,34505,2.94
1997,6089,102100.0,35183,2.9
1998,6089,103200.0,36085,2.86
1999,6089,105400.0,35578,2.96
2000,6089,113800.0,37700,3.02
2001,6089,122400.0,36673,3.34
2002,6089,146300.0,37919,3.86
2003,6089,181700.0,36478,4.98
2004,6089,212800.0,37696,5.65
2005,6089,270600.0,41254,6.56
2006,6089,289200.0,42813,6.75
2007,6089,270200.0,41980,6.44
2008,6089,231800.0,42362,5.47
2009,6089,202000.0,42552,4.75
2010,6089,182300.0,41058,4.44
2011,6089,168800.0,41796,4.04
2012,6089,163600.0,44477,3.68
2013,6089,181800.0,41236,4.41
2014,6089,198100.0,43661,4.54
2015,6089,213700.0,45943,4.65
2016,6089,224000.0,46663,4.8
2017,6089,238600.0,51207,4.66
2018,6089,250600.0,53908,4.65
1989,6093,82179.0,24347,3.38
1990,6093,91735.0,24849,3.69
1991,6093,98704.0,25351,3.89
1992,6093,102188.0,25853,3.95
1993,6093,106055.0,26355,4.02
1994,6093,109887.0,27934,3.93
1995,6093,112878.0,29514,3.82
1996,6093,115800.0,30395,3.81
1997,6093,98100.0,31276,3.14
1998,6093,99400.0,32100,3.1
1999,6093,107000.0,31261,3.42
2000,6093,94000.0,32972,2.85
2001,6093,94300.0,31840,2.96
2002,6093,98700.0,32459,3.04
2003,6093,120600.0,31165,3.87
2004,6093,152200.0,32531,4.68
2005,6093,193400.0,35039,5.52
2006,6093,222200.0,34329,6.47
2007,6093,218700.0,35692,6.13
2008,6093,190900.0,36823,5.18
2009,6093,163800.0,39218,4.18
2010,6093,143300.0,36001,3.98
2011,6093,132000.0,35175,3.75
2012,6093,119700.0,36597,3.27
2013,6093,137200.0,37108,3.7
2014,6093,144300.0,38641,3.73
2015,6093,149400.0,37447,3.99
2016,6093,155400.0,40875,3.8
2017,6093,162400.0,44013,3.69
2018,6093,187500.0,47560,3.94
1989,6095,149700.0,37734,3.97
1990,6095,169591.0,39171,4.33
1991,6095,176051.0,40608,4.34
1992,6095,174513.0,42046,4.15
1993,6095,169652.0,43483,3.9
1994,6095,165902.0,45840,3.62
1995,6095,160776.0,48198,3.34
1996,6095,145600.0,48600,3.0
1997,6095,146200.0,49003,2.98
1998,6095,154000.0,50821,3.03
1999,6095,167900.0,52840,3.18
2000,6095,200200.0,57910,3.46
2001,6095,243600.0,57495,4.24
2002,6095,269200.0,59135,4.55
2003,6095,314400.0,56595,5.56
2004,6095,370600.0,57728,6.42
2005,6095,454500.0,61784,7.36
2006,6095,484100.0,61529,7.87
2007,6095,436400.0,66575,6.56
2008,6095,312100.0,70173,4.45
2009,6095,240100.0,65079,3.69
2010,6095,226000.0,62948,3.59
2011,6095,203400.0,63090,3.22
2012,6095,198000.0,61976,3.19
2013,6095,245200.0,63398,3.87
2014,6095,300200.0,67106,4.47
2015,6095,333800.0,67202,4.97
2016,6095,360600.0,73200,4.93
2017,6095,398900.0,75931,5.25
2018,6095,427000.0,82808,5.16
1989,6097,190477.0,34551,5.51
1990,6097,210920.0,35844,5.88
1991,6097,213835.0,37138,5.76
1992,6097,212465.0,38432,5.53
1993,6097,207613.0,39725,5.23
1994,6097,206007.0,41742,4.94
1995,6097,204951.0,43760,4.68
1996,6097,190200.0,45183,4.21
1997,6097,192100.0,46606,4.12
1998,6097,212500.0,48972,4.34
1999,6097,236800.0,52630,4.5
2000,6097,297600.0,57054,5.22
2001,6097,344800.0,56435,6.11
2002,6097,364500.0,56825,6.41
2003,6097,414300.0,52088,7.95
2004,6097,482400.0,53645,8.99
2005,6097,580900.0,58110,10.0
2006,6097,586600.0,60656,9.67
2007,6097,536900.0,62279,8.62
2008,6097,438400.0,62314,7.04
2009,6097,391000.0,61985,6.31
2010,6097,378900.0,58703,6.45
2011,6097,342600.0,60792,5.64
2012,6097,341400.0,59855,5.7
2013,6097,405600.0,61020,6.65
2014,6097,458000.0,66949,6.84
2015,6097,503300.0,66463,7.57
2016,6097,549800.0,73496,7.48
2017,6097,604500.0,79511,7.6
2018,6097,635000.0,81002,7.84
1989,6099,120580.0,29260,4.12
1990,6099,139065.0,30194,4.61
1991,6099,138304.0,31128,4.44
1992,6099,136163.0,32062,4.25
1993,6099,132729.0,32997,4.02
1994,6099,128943.0,35176,3.67
1995,6099,124467.0,37354,3.33
1996,6099,111800.0,38050,2.94
1997,6099,112300.0,38746,2.9
1998,6099,116700.0,39022,2.99
1999,6099,123000.0,39535,3.11
2000,6099,134900.0,42950,3.14
2001,6099,165800.0,41926,3.95
2002,6099,185000.0,42687,4.33
2003,6099,217000.0,41619,5.21
2004,6099,259500.0,43072,6.02
2005,6099,340600.0,46769,7.28
2006,6099,368800.0,48252,7.64
2007,6099,315800.0,50367,6.27
2008,6099,210900.0,50094,4.21
2009,6099,158200.0,48550,3.26
2010,6099,150000.0,47442,3.16
2011,6099,139000.0,44287,3.14
2012,6099,138800.0,46324,3.0
2013,6099,166500.0,47808,3.48
2014,6099,207200.0,50917,4.07
2015,6099,229200.0,51949,4.41
2016,6099,252400.0,54060,4.67
2017,6099,279900.0,58925,4.75
2018,6099,301100.0,59616,5.05
1989,6101,102482.0,28086,3.65
1990,6101,121586.0,28936,4.2
1991,6101,129970.0,29787,4.36
1992,6101,129901.0,30638,4.24
1993,6101,128990.0,31488,4.1
1994,6101,125470.0,33498,3.75
1995,6101,125230.0,35509,3.53
1996,6101,134000.0,36116,3.71
1997,6101,116900.0,36724,3.18
1998,6101,127300.0,37442,3.4
1999,6101,120000.0,38910,3.08
2000,6101,121100.0,41609,2.91
2001,6101,137400.0,40617,3.38
2002,6101,159900.0,41230,3.88
2003,6101,198900.0,39718,5.01
2004,6101,239700.0,41289,5.81
2005,6101,310300.0,44914,6.91
2006,6101,309000.0,47174,6.55
2007,6101,275500.0,49104,5.61
2008,6101,216200.0,49146,4.4
2009,6101,177500.0,48073,3.69
2010,6101,171900.0,46188,3.72
2011,6101,151500.0,48749,3.11
2012,6101,145300.0,46524,3.12
2013,6101,173400.0,47903,3.62
2014,6101,203600.0,51827,3.93
2015,6101,212800.0,50810,4.19
2016,6101,230800.0,51283,4.5
2017,6101,263000.0,54102,4.86
2018,6101,282600.0,57879,4.88
1989,6105,61399.0,25127,2.44
1990,6105,64319.0,25372,2.54
1991,6105,67378.0,25618,2.63
1992,6105,70583.0,25864,2.73
1993,6105,73940.0,26109,2.83
1994,6105,77457.0,27198,2.85
1995,6105,81141.0,28286,2.87
1996,6105,87400.0,29234,2.99
1997,6105,78700.0,30182,2.61
1998,6105,81400.0,30943,2.63
1999,6105,83800.0,29638,2.83
2000,6105,87900.0,31083,2.83
2001,6105,88400.0,29484,3.0
2002,6105,84700.0,30272,2.8
2003,6105,115200.0,29063,3.96
2004,6105,143400.0,30307,4.73
2005,6105,176400.0,31434,5.61
2006,6105,204100.0,33070,6.17
2007,6105,207600.0,35439,5.86
2008,6105,191000.0,34726,5.5
2009,6105,179000.0,33546,5.34
2010,6105,176200.0,35207,5.0
2011,6105,164800.0,33163,4.97
2012,6105,146400.0,35162,4.16
2013,6105,158200.0,35708,4.43
2014,6105,161200.0,34961,4.61
2015,6105,174900.0,37669,4.64
2016,6105,205300.0,38727,5.3
2017,6105,225000.0,40676,5.53
2018,6105,208900.0,40680,5.14
1989,6107,89058.0,23614,3.77
1990,6107,98253.0,24226,4.06
1991,6107,106224.0,24838,4.28
1992,6107,110253.0,25450,4.33
1993,6107,112161.0,26063,4.3
1994,6107,111227.0,27378,4.06
1995,6107,110951.0,28694,3.87
1996,6107,89000.0,29584,3.01
1997,6107,89800.0,30474,2.95
1998,6107,91000.0,31299,2.91
1999,6107,91800.0,32279,2.84
2000,6107,93700.0,34675,2.7
2001,6107,98100.0,33774,2.9
2002,6107,105100.0,34229,3.07
2003,6107,117600.0,33190,3.54
2004,6107,147600.0,34809,4.24
2005,6107,207300.0,38179,5.43
2006,6107,240900.0,41117,5.86
2007,6107,217400.0,40444,5.38
2008,6107,181000.0,44383,4.08
2009,6107,145400.0,39876,3.65
2010,6107,133800.0,42377,3.16
2011,6107,121400.0,40599,2.99
2012,6107,119400.0,40197,2.97
2013,6107,136200.0,39657,3.43
2014,6107,149900.0,42360,3.54
2015,6107,159900.0,42637,3.75
2016,6107,174000.0,45768,3.8
2017,6107,186700.0,46377,4.03
2018,6107,199800.0,48763,4.1
1989,6111,241247.0,41571,5.8
1990,6111,240986.0,42923,5.61
1991,6111,228408.0,44275,5.16
1992,6111,222379.0,45627,4.87
1993,6111,209193.0,46979,4.45
1994,6111,201918.0,48317,4.18
1995,6111,200755.0,49655,4.04
1996,6111,187800.0,51136,3.67
1997,6111,189100.0,52618,3.59
1998,6111,208200.0,54628,3.81
1999,6111,232200.0,57168,4.06
2000,6111,258300.0,61295,4.21
2001,6111,284900.0,60338,4.72
2002,6111,326600.0,60896,5.36
2003,6111,399100.0,57885,6.89
2004,6111,507600.0,59379,8.55
2005,6111,589800.0,66531,8.87
2006,6111,632000.0,71807,8.8
2007,6111,571200.0,72762,7.85
2008,6111,465200.0,76190,6.11
2009,6111,410000.0,71246,5.75
2010,6111,411900.0,71418,5.77
2011,6111,383900.0,74019,5.19
2012,6111,376100.0,71043,5.29
2013,6111,435700.0,76513,5.69
2014,6111,477400.0,74967,6.37
2015,6111,499500.0,79285,6.3
2016,6111,531500.0,79470,6.69
2017,6111,563900.0,82436,6.84
2018,6111,597600.0,84170,7.1
1989,6113,147059.0,29972,4.91
1990,6113,174741.0,31146,5.61
1991,6113,184558.0,32320,5.71
1992,6113,180833.0,33494,5.4
1993,6113,172594.0,34668,4.98
1994,6113,169667.0,36632,4.63
1995,6113,165232.0,38596,4.28
1996,6113,143100.0,40174,3.56
1997,6113,147500.0,41753,3.53
1998,6113,151600.0,44130,3.44
1999,6113,157300.0,43101,3.65
2000,6113,174900.0,45925,3.81
2001,6113,207900.0,44789,4.64
2002,6113,247600.0,45407,5.45
2003,6113,292200.0,43612,6.7
2004,6113,351400.0,44810,7.84
2005,6113,432200.0,49378,8.75
2006,6113,451600.0,50027,9.03
2007,6113,398900.0,55988,7.12
2008,6113,328100.0,57877,5.67
2009,6113,286400.0,56120,5.1
2010,6113,267500.0,54433,4.91
2011,6113,242600.0,50174,4.84
2012,6113,236900.0,51040,4.64
2013,6113,285200.0,55011,5.18
2014,6113,327100.0,54509,6.0
2015,6113,346100.0,58766,5.89
2016,6113,378600.0,63645,5.95
2017,6113,404300.0,64900,6.23
2018,6113,429600.0,67804,6.34
1989,6115,88401.0,22309,3.96
1990,6115,104934.0,23144,4.53
1991,6115,115106.0,23979,4.8
1992,6115,119543.0,24814,4.82
1993,6115,118074.0,25649,4.6
1994,6115,116144.0,26830,4.33
1995,6115,118468.0,28010,4.23
1996,6115,136600.0,28960,4.72
1997,6115,124000.0,29910,4.15
1998,6115,123000.0,30661,4.01
1999,6115,129100.0,30944,4.17
2000,6115,120700.0,33339,3.62
2001,6115,112000.0,32027,3.5
2002,6115,139400.0,33038,4.22
2003,6115,170300.0,32802,5.19
2004,6115,209300.0,34493,6.07
2005,6115,275000.0,35786,7.68
2006,6115,291700.0,37558,7.77
2007,6115,252500.0,40602,6.22
2008,6115,192500.0,46715,4.12
2009,6115,160200.0,40947,3.91
2010,6115,143500.0,41045,3.5
2011,6115,137400.0,43299,3.17
2012,6115,127900.0,41599,3.07
2013,6115,158400.0,41824,3.79
2014,6115,192700.0,41403,4.65
2015,6115,189500.0,46500,4.08
2016,6115,199100.0,46054,4.32
2017,6115,225200.0,53822,4.18
2018,6115,249800.0,47504,5.26
